[
  {
    "question": "低空经济的发展对交通体系有何意义？",
    "reference_answer": "低空经济作为新型交通方式补充了传统地面交通，其核心价值体现在提升通达效率、缓解地面拥堵、增强应急能力，并推动城市群一体化。"
  },
  {
    "question": "eVTOL 在城市空中交通中的作用是什么？",
    "reference_answer": "eVTOL 是城市空中交通（UAM）体系的关键装备，适用于满足城市核心区到机场、城市群之间的中短途快速通达需求。"
  },
  {
    "question": "电动垂直起降飞行器有哪些典型构型？",
    "reference_answer": "典型构型包括多旋翼、复合翼和倾转旋翼三种，各具优势：多旋翼安全性高、复合翼航程长、倾转旋翼高速性能好。"
  },
  {
    "question": "城市空中交通的运行场景有哪些？",
    "reference_answer": "主要运行场景包括城市核心区到机场、市域/城市组团连接、城市群内通勤、城乡之间联系等场景，服务于通勤、急救、巡检、物流等多种需求。"
  },
  {
    "question": "推动 eVTOL 发展的关键动力技术是什么？",
    "reference_answer": "核心是高能量密度动力电池和电推进系统，其决定了飞行器的续航、安全性与起降性能。"
  },
  {
    "question": "什么是低空基础设施？",
    "reference_answer": "低空基础设施包括起降设施、空中走廊、通信导航监管体系和低空数字平台，构建完整的低空运行保障体系。"
  },
  {
    "question": "我国在 eVTOL 领域的政策支持体现在哪些方面？",
    "reference_answer": "政策支持主要体现在国家层面设立试点示范区、出台低空经济发展纲要、推动适航认证制度和空域改革等方面。"
  },
  {
    "question": "目前 eVTOL 商业化面临哪些挑战？",
    "reference_answer": "面临适航认证周期长、飞行安全验证难、运营模式不清晰、基础设施尚不完善、公众接受度低等挑战。"
  },
  {
    "question": "eVTOL 适合的运行场景包括哪些？",
    "reference_answer": "eVTOL 适用于短距离空中出行、物流运输、应急救援、低空旅游等场景，尤其是在城市空中交通体系中。"
  },
  {
    "question": "城市空中交通对空域管理提出了什么新要求？",
    "reference_answer": "需要构建精细化、分层化空域结构，推动空域改革，发展低空智慧监管系统，实现安全、高效调度。"
  }
]
